ID,FirstName,LastName,Email,DateOfBirth,PhoneNo,City
677509,Lois,Walker,lois.walker@hotmail.com,3/29/1981,3035728492,Denver
940761,Brenda,Robinson,brenda.robinson@gmail.com,7/31/1970,2259454954,Stonewall
428945,Joe,Robinson,joe.robinson@gmail.com,6/16/1963,2199042161,Michigantown
408351,Diane,Evans,diane.evans@yahoo.com,12/4/1977,2157936791,Hydetown
193819,Benjamin,Russell,benjamin.russell@charter.net,4/17/1977,2624042252,Fremont
499687,Patrick,Bailey,patrick.bailey@aol.com,9/27/1982,3198126957,Macksburg
539712,Nancy,Baker,nancy.baker@bp.com,6/13/1995,2293365117,Atlanta
380086,Carol,Murphy,carol.murphy@gmail.com,6/30/1958,2163360009,Blanchester
477616,Frances,Young,frances.young@gmail.com,6/9/1959,2108199765,Delmita
162402,Diana,Peterson,diana.peterson@hotmail.co.uk,11/13/1987,4797835656,Eureka Springs
231469,Ralph,Flores,ralph.flores@yahoo.com,2/5/1975,3162802864,Sabetha
153989,Jack,Alexander,jack.alexander@gmail.com,5/19/1995,7026033769,Las Vegas
386158,Melissa,King,melissa.king@comcast.net,2/24/1972,2166053731,New Matamoras
301576,Wayne,Watson,wayne.watson@gmail.com,6/26/1996,7012319370,Maida
441771,Cheryl,Scott,cheryl.scott@gmail.com,2/23/1958,2152889345,Quecreek
528509,Paula,Diaz,paula.diaz@gmail.com,8/22/1966,2525317641,Beulaville
912990,Joshua,Stewart,joshua.stewart@yahoo.ca,5/18/1970,2172799342,New Douglas
214352,Theresa,Lee,theresa.lee@gmail.com,12/5/1992,3195538919,Toeterville
890290,Julia,Scott,julia.scott@apple.com,7/15/1959,4239391010,Primm Springs
622406,Thomas,Lewis,thomas.lewis@gmail.com,10/4/1967,3146793697,Dutchtown
979607,Carol,Edwards,carol.edwards@msn.com,12/14/1994,2252834295,Shreveport
969580,Matthew,Turner,matthew.turner@gmail.com,10/26/1993,2369727624,Heathsville
426038,Joan,Stewart,joan.stewart@yahoo.com,11/20/1972,2166376800,Middleport
388642,Ruby,Rogers,ruby.rogers@gmail.com,5/1/1980,4232316507,Woodbury
560455,Carolyn,Hayes,carolyn.hayes@hotmail.co.uk,3/10/1958,2398828784,Saint Cloud
477253,Anne,Russell,anne.russell@ibm.com,7/29/1989,6056351306,Stockholm
263480,Daniel,Cooper,daniel.cooper@yahoo.com,1/1/1990,7015108162,Manning
683826,Roger,Roberts,roger.roberts@gmail.com,7/7/1969,2064973141,Mount Vernon
474599,Maria,Walker,maria.walker@microsoft.com,3/19/1975,4236685506,Lawrenceburg
335732,Brenda,Butler,brenda.butler@gmail.com,12/6/1963,4808148284,Mesa
329752,Lillian,Brown,lillian.brown@aol.com,5/12/1981,2398129041,Panacea
893212,Amy,Howard,amy.howard@aol.com,6/16/1981,8036133168,Kline
621833,Gregory,Edwards,gregory.edwards@outlook.com,8/31/1993,5032569654,Bonanza
456747,Roy,Griffin,roy.griffin@yahoo.com,5/8/1991,2195069378,Liberty
278556,Richard,Mitchell,richard.mitchell@verizon.net,7/28/1993,2056215884,Ohatchee
333476,Mary,Wilson,mary.wilson@sbcglobal.net,12/1/1967,4239378660,Nashville
218791,Aaron,Price,aaron.price@bp.com,2/10/1969,2192878926,Eckerty
134841,Donna,Brown,donna.brown@aol.com,9/14/1983,2124347910,Lima
726264,Carl,Collins,carl.collins@yahoo.com,12/22/1973,4797407633,Wright
766610,Joyce,Jenkins,joyce.jenkins@aol.com,8/22/1961,2624554187,Ellsworth
923947,Mary,Bryant,mary.bryant@verizon.net,6/21/1962,3198273516,Conroy
227922,Amanda,Hughes,amanda.hughes@rediffmail.com,7/29/1982,2255449700,Lake Charles
265813,Jack,Campbell,jack.campbell@gmail.com,1/4/1985,3164995737,Kalvesta
247137,Alan,Rivera,alan.rivera@apple.com,12/11/1978,4232776819,Knoxville
407061,Elizabeth,Jackson,elizabeth.jackson@aol.com,8/15/1964,6035686118,Rochester
226714,Nancy,Davis,nancy.davis@ibm.com,11/14/1983,2196103067,Bowling Green
702813,Ernest,Martinez,ernest.martinez@gmail.com,11/9/1989,4799514138,Uniontown
524896,Judy,Hernandez,judy.hernandez@gmail.com,3/25/1961,3167366126,Topeka
363065,Nancy,Jones,nancy.jones@gmail.com,11/10/1993,2128251930,New York City
879753,Pamela,Wright,pamela.wright@aol.com,4/14/1996,3073298832,Banner
958326,Larry,Miller,larry.miller@shell.com,10/31/1988,2175749283,East Saint Louis
447813,Ann,Coleman,ann.coleman@ibm.com,5/11/1989,3199944179,Hancock
525955,Judy,Gonzales,judy.gonzales@gmail.com,6/17/1959,2016408645,Eatontown
818384,Peter,Washington,peter.washington@bp.com,11/6/1982,2313220316,Portage
971640,Clarence,Ross,clarence.ross@apple.com,12/13/1960,4237720118,Oneida
253573,Sharon,Lopez,sharon.lopez@gmail.com,5/4/1991,3049345548,Bartley
904898,Ann,Cooper,ann.cooper@exxonmobil.com,12/25/1992,4062786460,Arlee
515103,Anne,Perez,anne.perez@sbcglobal.net,5/5/1958,4238373338,Cookeville
491943,Nancy,Howard,nancy.howard@gmail.com,5/5/1961,2369738086,Saxe
750173,Antonio,Roberts,antonio.roberts@hotmail.com,8/27/1995,2052677304,Mc Calla
687017,Frances,Watson,frances.watson@outlook.com,1/30/1961,4065308069,Trego
241882,Debra,Wood,debra.wood@hotmail.com,10/30/1969,3086466219,Blair
758872,Henry,Jenkins,henry.jenkins@hotmail.com,11/6/1984,3147317135,Riverside
940922,Melissa,Butler,melissa.butler@hotmail.com,11/14/1994,3088279016,Maxwell
917937,Todd,Hall,todd.hall@yahoo.com,8/31/1991,2405138668,Randallstown
917395,Christopher,Nelson,christopher.nelson@aol.com,3/29/1960,4809469780,Willow Beach
183071,Andrea,Garcia,andrea.garcia@aol.com,7/6/1985,2196243708,Granger
316110,Jeremy,Sanchez,jeremy.sanchez@hotmail.com,2/5/1965,4239742755,Alcoa
293459,Steven,Phillips,steven.phillips@hotmail.com,9/12/1986,2259685952,Baton Rouge
732017,Cynthia,Ramirez,cynthia.ramirez@btinternet.com,9/22/1982,4069617340,Browning
915638,Jason,Anderson,jason.anderson@gmail.com,1/3/1974,2178566752,Hudson
478003,Cynthia,White,cynthia.white@gmail.com,6/15/1963,3145933092,Kansas City
951225,Margaret,Brooks,margaret.brooks@gmail.com,6/27/1992,3039600117,Haswell
883936,Douglas,Flores,douglas.flores@gmail.com,4/21/1986,3038364721,Eckert
528673,Paul,Watson,paul.watson@hotmail.com,3/9/1959,2705567711,Blue River
765850,Linda,Moore,linda.moore@gmail.com,8/18/1991,2157937095,Albion
262382,Cheryl,Miller,cheryl.miller@ntlworld.com,4/20/1985,2708803858,Bays
870820,Martha,Washington,martha.washington@aol.com,3/28/1991,4059450242,Nardin
806955,William,Hernandez,william.hernandez@rediffmail.com,7/22/1967,2392760532,Mary Esther
325319,Carolyn,Price,carolyn.price@yahoo.com,5/30/1976,2174094338,Wheaton
623253,Ruby,Stewart,ruby.stewart@gmail.com,10/23/1968,2184452369,Margie
225925,Paul,Cooper,paul.cooper@gmail.com,8/12/1991,2109844722,Glidden
761821,Ernest,Washington,ernest.washington@msn.com,10/28/1984,2125961659,Saranac Lake
400173,Dorothy,Edwards,dorothy.edwards@hotmail.co.uk,1/19/1984,2159026888,Philadelphia
802554,Ryan,Alexander,ryan.alexander@shell.com,8/1/1993,2253953347,Jarreau
476433,Lillian,Mitchell,lillian.mitchell@shaw.ca,10/23/1974,3168761484,Wichita
533952,Kelly,Adams,kelly.adams@bp.com,5/23/1975,4054180037,Meno
623929,Jimmy,Howard,jimmy.howard@yahoo.com,11/27/1966,2128559316,Oriskany
844177,Margaret,Allen,margaret.allen@gmail.com,9/8/1981,2166976987,Richmond Dale
212893,Janet,Henderson,janet.henderson@ntlworld.com,12/24/1979,2397696347,Miami
185032,Eugene,Perez,eugene.perez@exxonmobil.com,10/6/1979,2624727112,Racine
867084,Deborah,Smith,deborah.smith@yahoo.com,10/31/1977,9072798694,Atqasuk
969964,Janice,Parker,janice.parker@yahoo.com,1/12/1980,3148425984,Whiteman Air Force Base
158666,Rebecca,Stewart,rebecca.stewart@gmail.com,8/11/1961,2092337631,Independence
489424,Phillip,White,phillip.white@gmail.com,3/4/1978,5036686592,Mapleton
639892,Jose,Hill,jose.hill@hotmail.com,10/8/1994,2282455000,Biloxi
704709,Harold,Nelson,harold.nelson@gmail.com,12/24/1984,2175559216,Carol Stream
461593,Nicole,Ward,nicole.ward@yahoo.com,12/12/1964,2317617861,Detroit
392491,Theresa,Murphy,theresa.murphy@gmail.com,12/30/1987,9073561555,Mc Grath
495141,Tammy,Young,tammy.young@comcast.net,3/22/1979,2312903075,Alma
